state_abbreviation,state,status,date_details,restriction_start,restriction_end,status_details,external_link,opened_industries,closed_entertainment,closed_food_and_drink,closed_outdoor_and_recreation,opened_houses_of_worship,opened_personal_care,opened_retail,opened_entertainment,opened_food_and_drink,opened_outdoor_and_recreation,population
AK,Alaska,reopened,Reopened April 24.,,,"Gov. Mike Dunleavy, a Republican, eased restrictions on several kinds of businesses starting April 24. Alaska became one of the first states to make a nearly complete reopening, with all businesses allowed to open at full capacity on May 22. Cases increased over summer, however, and in August Mr. Dunleavy implemented strict requirements for travelers entering the state.",https://www.alaskapublic.org/2020/08/11/6-things-you-need-to-know-about-alaskas-new-travel-mandate/,,,,,True,"Hair salons, barbershops, nail salons, etc.",Retail stores,Libraries; Theaters; Bowling alleys; Museums,Restaurant dining; Bars,Gyms; Pools,731545
AL,Alabama,pausing,Reopened April 30.,,,"Gov. Kay Ivey, a Republican, ordered residents to stay home for much of April and began reopening businesses starting in May. In August, Ms. Ivey extended the state’s “Safer at Home” status and implemented a mask requirement until October 2.",https://www.wbrc.com/2020/08/27/gov-ivey-hold-press-conference-thursday-morning-give-covid-update/,,,,,True,Salons,Retail stores,Entertainment venues,"Restaurant dining, bars and breweries",Beaches; Gyms,4903185
AR,Arkansas,pausing,Reopened May 6.,,,"Gov. Asa Hutchinson, a Republican, never implemented a statewide stay-at-home order, instead opting to close high-contact businesses like gyms and personal care services. The state began reopening many of these in early May. Arkansas saw a steep increases in coronavirus cases in the weeks that followed, and Mr. Hutchinson implemented a mask mandate effective July 20.",https://www.kspr.com/content/news/Arkansas-governor-No-further-reopening-as-virus-cases-surge-571501921.html,,,,,True,"Hair salons, barbershops, nail salons, etc.",Retail,"Theaters, stadiums, museums, bowling alleys; Casinos; Large venues",Restaurant dining; Bars,Campgrounds; Gyms; Pools,3017804
AZ,Arizona,reversing,Reopened May 8.,,,"After Gov. Doug Ducey’s stay-at-home order expired May 15, Arizona saw cases soar. In late June, Mr. Ducey, a Republican, announced that the state would “pause” operations of bars, gyms, movie theaters, waterparks and tubing rentals to contain the virus’s spread, sparking lawsuits from some business owners. A court ruled that the state had to give businesses the opportunity to reopen safely, prompting Mr. Ducey to release guidelines on August 10 for “paused businesses” to follow in order to reopen.",https://www.fox10phoenix.com/news/arizona-gov-ducey-releases-guidelines-for-paused-businesses-to-reopen,,Movie theaters,Bars,Gyms; Waterparks,True,"Barbershops, salons, etc.",Retail stores,Casinos,Restaurant dining,"Pools, spas",7278717
CA,California,reversing,Reopened May 25.,,,"Gov. Gavin Newsom, a Democrat, emphasized caution as he allowed counties to reopen sectors in May and June. As cases rose in the summer, Mr. Newsom backtracked, ordering statewide closures of bars and indoor activities in many sectors including dining and entertainment. In late August, the state introduced a new plan for reopening and closing counties based on risk level, which allowed indoor retail and hair salons to open even in the counties where the virus was most widespread.",https://www.latimes.com/projects/california-coronavirus-cases-tracking-outbreak/reopening-across-counties/,"Manufacturing; Warehouses; Offices in some counties; Movie, TV and music production","Movie theaters; Museums, galleries, and aquariums; Arcades and bowling alleys",Bars,,Houses of worship in some counties,"Pet groomers; Nail salons, cosmetology services, tattoo parlors, piercing shops in some counties; Hair salons and barbershops",Retail,Casinos in some areas; Zoos in some counties,Outdoor dining,Gyms in some counties,39512223
CO,Colorado,reversing,Reopened April 27.,,,"Gov. Jared Polis was one of the first Democratic governors to begin reopening his state, letting Colorado’s stay-at-home order expire on April 26. Businesses reopened throughout May and June, but in response to continuing outbreaks in neighboring states, in July, Mr. Polis extended the state’s “Safer at Home” phase and closed bars. He is allowing some regions to reopen bars and loosen restrictions.",https://denver.cbslocal.com/2020/06/30/polis-colorado-bars-coronavirus/,Offices; Manufacturing,,,,True,Salons and personal services,Retail stores,"Museums, indoor events; Fairs, rodeos, concerts, outdoor events; Libraries",Restaurant dining; Bars in some counties,"Campgrounds; Pools, playgrounds; Gyms",5758736
CT,Connecticut,pausing,Reopened May 20.,,,"Connecticut was one of the last states to begin reopening, on May 20. Gov. Ned Lamont, a Democrat, moved up a second phase of reopening in June after a favorable downward trend in case numbers. After postponing plans to enter Phase 3 over the summer, Mr. Lamont announced the state would move forward in its reopening in October. ",https://www.nbcconnecticut.com/news/local/heres-what-will-open-in-ct-during-phase-3/2337597/,Offices,,Bars,,True,"Hair salons, barbershops; Nail salons; Tattoo parlors, spas","Retail stores, malls","Museums, zoos; Casinos; Movie theaters; Libraries; Amusement parks, bowling alleys",Restaurant dining,Beaches; Gyms; State campgrounds,3565287
DC,District of Columbia,reopening,Reopened May 29.,,,"Washington, D.C., was under one of the nation’s strictest lockdowns until reopening on May 29. On June 22,  Mayor Muriel Bowser, a Democrat, opened a second round of businesses. On July 24, she signed an order requiring masks.",https://dcist.com/story/20/07/29/d-c-just-made-it-harder-to-move-to-phase-three-of-reopening/,,Nightclubs,,,True,"Barbershops, hair salons; Nail salons, waxing salons, spas",Retail stores,"Museums, libraries",Restaurants dining,"Dog parks, golf courses, tennis courts, parks; Gyms; Pools",705749
DE,Delaware,pausing,Reopened June 1.,,,"Gov. John Carney, a Democrat, has overseen one of the slower reopenings, beginning June 1 with a limited number of businesses. After an increase in cases, Mr. Carney decided to delay the start of Phase 3, which was scheduled for the end of June.",https://www.delawareonline.com/story/news/coronavirus-in-delaware/2020/06/25/delaware-wont-go-into-phase-3-monday-gov-john-carney-says-coronavirus-delaware-reopen-covid-19/3260541001/,,,,,True,"Barber shops, hair salons, tanning salons; Nail salons, tattoo parlors, massage therapy",Retail stores; Malls,"Museums, libraries, galleries, live performances; Casinos",Farmers markets; Restaurants; Bars in some areas,Beaches; Pools; Gyms; Campgrounds,973764
FL,Florida,reopened,Reopened May 4.,,,"After reopenings in May and June led to outbreaks throughout summer, Gov. Ron DeSantis, a Republican, began to slow reopening, effectively shuttering bars in late June. By the end of summer, however, Mr. DeSantis moved to more broadly reopen the state. After reopening bars statewide in mid-September, on Sept. 25 Mr. DeSantis said restaurants could reopen and ""operate at a minimum of 50 percent regardless of local rule.""",https://www.tampabay.com/news/florida-politics/2020/09/25/desantis-bars-and-restaurants-can-go-to-full-capacity-as-florida-moves-to-phase-3/,,,,,True,"Salons; Tattoo parlors, massage therapy, tanning salons, acupuncture",Retail stores,"Sporting venues without spectators; Museums, libraries; Movie theaters, concert halls, bowling alleys",Restaurant dining; Bars,"Beaches, trails; Gyms",21477737
GA,Georgia,reopened,Reopened April 24.,,,"Gov. Brian Kemp, a Republican, went toe-to-toe with the White House and local mayors over his decision to reopen large parts of Georgia’s economy ahead of other states. Mr. Kemp has continued steadily with reopening plans while case counts have trended upward, and he has firmly opposed recommendations for a statewide mask mandate. In mid-August, however, he amended an executive order to allow local areas to implement mask requirements.",https://www.ajc.com/politics/politics-blog/kemps-latest-order-allows-local-mask-mandates-for-the-first-time/GJRZ2AXEB5GEPN2TX6BPJGEC24/,,,,,True,"Hair salons, barbershops, etc.",Retail,"Bowling alleys; Theaters, private social clubs; Large venues; Bars, nightclubs",Restaurant dining,Gyms,10617423
HI,Hawaii,reopening,Reopened May 7.,,,"Gov. David Ige, a Democrat, started the state’s reopening process in early May, when there were only a few new cases reported each day. Since then, each island has set its own timeline for reopening, and in late August, Oahu returned to a nearly full shutdown. Four weeks later, Mr. Ige approved a plan for the island, which is home to the capital Honolulu, to reopen most businesses at limited capacity.",https://www.staradvertiser.com/2020/09/21/breaking-news/gov-ige-says-hes-reluctant-to-set-covid-19-benchmarks-for-reopening-closing/,Construction in some areas; Offices in some areas,,,,True,Pet groomers; Tattoo parlors in some areas; Salons and barbershops; Nail salons,Retail,Theaters; Arcades in some areas; Bowling alleys,Bars in some areas; Restaurant dining,State parks in some areas; Campgrounds in some areas; Gyms; Pools and waterparks; Beaches and parks,1415872
IA,Iowa,reversing,Reopened May 1.,,,"Gov. Kim Reynolds, a Republican, ordered a number of businesses to close in March, but did not issue a stay-at-home order. Ms. Reynolds began loosening restrictions on May 1, and capacity limits on businesses were lifted in June. In late August, Reynolds ordered bars in six counties to shutdown, citing increasing positivity rates among young adults. Ms. Reynolds allowed bars in four of the six counties to reopen nearly three weeks later.",https://www.siouxlandproud.com/news/iowa-news/governor-reynolds-extends-bar-closures-in-iowa-counties/,,,,,True,"Medical spas, tanning salons; Salons, barbershops, tattoo parlors, etc.","Retail stores, malls","Libraries; Movie theaters; Museums, zoos, aquariums; Casinos; Outdoor venues; Bowling alleys, amusement parks; Indoor venues",Restaurant dining; Bars in some counties,"Campgrounds; Gyms; Pools; Playgrounds, skating rinks, skate parks",3155070
ID,Idaho,pausing,Reopened May 1.,,,"Gov. Brad Little, a Republican, began his state’s four-stage reopening process on May 1. Idaho moved through the first three stages of reopening swiftly, but as cases surged, Mr. Little delayed a full reopening planned for June 26. The state has remained paused in its final stage for several months, re-evaluating every two weeks.",https://www.spokesman.com/stories/2020/sep/03/idaho-restrictions-remain-governor-encourages-flu-/,,,,,True,Hair salons,Retail,Movie theaters; Nightclubs; Large venues,Restaurant dining; Bars,Gyms; Pools and water parks,1787065
IL,Illinois,reversing,Reopened May 29.,,,"Gov. J.B. Pritzker, a Democrat, faced political pushback for his cautious reopening strategy, but while the state remained closed, cases trended downward. On June 26, the state moved into its fourth and final stage of reopening, but as transmission increased over the summer Mr. Pritzker introduced a ""mitigation"" plan for areas with increasing positive test rates. In August and September, Mr. Pritzker implemented these measures by closing indoor bars and restaurants in regions that saw an uptick in transmission.",https://www.wbez.org/stories/use-this-tool-to-track-illinois-reopening-plan-by-phase-region-and-address/51871836-6a73-47dc-a8f1-18c6fe2f2a6e,Manufacturing; Offices,,,,True,"Pet grooming; Hair salons, barber shops, nail salons, spas, waxing centers, tattoo parlors",Retail stores,"Museums, zoos; Theaters; Casinos in some areas",Restaurant dining in some areas; Bars in some areas,"State parks; limited fishing, boating, golf courses; Gyms",12671821
IN,Indiana,reopened,Reopened May 4.,,,"Gov. Eric Holcomb, a Republican, eased restrictions and allowed some reopenings beginning in early May. In July, citing an increase in cases, Mr. Holcomb paused progress toward the final stage of reopening and required face masks in most public settings. Mr. Holcomb allowed the state to progress to Phase 5, the final stage of reopening, in late September.",https://www.wthr.com/article/news/health/indiana-coronavirus-updates-for-september-23-2020/531-f3f4e91b-14bf-4722-84cd-c6a027d26de2,"Manufacturing, offices",,,,True,"Spas, salons, barbershops, tattoo parlors",Retail stores,"Libraries; Museums, zoos and aquariums; Venues; Movie theaters; Bowling alleys; Conventions, fairs, parades and similar events",Restaurant dining; Bars and nightclubs,"Gyms; Pools, tennis and basketball courts; Campgrounds; Amusement parks, water parks",6732219
KS,Kansas,reopened,Reopened May 4.,,,"After reopening began May 4, Gov. Laura Kelly, a Democrat, faced backlash from Republicans in the state legislature who wanted the process to move more quickly. She vetoed a measure seeking to curb her emergency powers, and allowed reopenings at the discretion of individual counties. Ms. Kelly ordered Kansans to wear masks in public beginning July 3.",https://www.kansas.com/news/politics-government/article244554662.html,Offices,,,,True,"Salons, barbershops, tattoo parlors",Retail stores,"Theaters, museums and bowling alleys; Casinos; Nightclubs",Restaurant dining; Bars,"Gyms; Community centers, sports facilities; Pools",2913314
KY,Kentucky,reopened,Reopened May 20.,,,"Gov. Andy Beshear, a Democrat, reopened businesses under new guidelines beginning in early May, then ordered residents to wear masks in public soon after the state had reached the end of its initial reopening timeline. As case numbers continued to climb, Mr. Beshear ordered bars to close again starting July 28 and restaurants to reduce indoor dining capacity. Mr. Beshear lifted those restrictions and allowed bars to reopen two weeks later.",https://www.rcnky.com/articles/2020/08/10/governor-delay-person-school-until-sept-28-bars-reopen-restaurants-expand,"Manufacturing, construction, offices",,,,True,"Pet grooming and boarding; Salons, barbershops, tattoo parlors, etc.",Retail stores,"Movie theaters; Bowling alleys; Museums, aquariums, libraries, outdoor attractions; Venues and events spaces",Restaurant dining; Distilleries; Bars,Gyms; Aquatic centers; Campgrounds; Public pools,4467673
LA,Louisiana,reopening,Reopened May 15.,,,"Gov. John Bel Edwards, a Democrat, allowed the state’s stay-at-home order to lift and an array of businesses to reopen starting May 15. In June, citing an increase in cases, Mr. Edwards said the state would remain in Phase 2 for several more weeks. As cases continued to climb, Mr. Edwards ordered bars to close again and required the use of masks in public. In September, Mr. Edwards announced that the state would enter a modified Phase 3, which allowed bars to reopen in areas with low positivity rates.",https://www.theadvertiser.com/story/news/2020/09/10/louisiana-phase-3-reopening-guidelines-residents-businesses-during-covid-19/5768604002/,,,,"Amusement parks, water parks and theme parks; Concert and music halls",True,"Salons and barbershops; Spas, tattoo parlors",Malls,"Movie theaters; Certain museums, zoos and aquariums; Casinos; Event centers",Restaurant dining; Bars in some parishes,"Gyms; State parks; Pools; Bowling alleys, skating rinks",4648794
MA,Massachusetts,pausing,Reopened May 18.,,,"Gov. Charlie Baker, a Republican, announced a phased reopening beginning in May. The state entered the first step of Phase 3 in early July. One month later, Mr. Baker announced that the state would indefinitely delay any further progression due to an increase in cases. Mr. Baker also announced he would reduce outdoor gathering limits to 50 people. Mr. Baker began to relax some restrictions in September, allowing arcades to reopen and relaxing restrictions on restaurants.",https://www.nbcboston.com/news/local/gov-baker-to-make-announcement-provide-coronavirus-update-3/2199902/,"Construction, manufacturing; Offices; Hotels, lodging","Ballrooms, stadiums and convention halls",Bars,,True,"Hair salons, barbershops; Pet grooming; Nail salons, massage parlors, tanning salons",Retail stores,"Bowling alleys; Museums, aquariums; Theaters and performance venues; Movie theaters; Casinos; Arcades",Restaurant dining,"Golf courses; Beaches, parks, fishing, hunting and boating; Gyms",6892503
MD,Maryland,reopened,Reopened May 15.,,,"Gov. Larry Hogan, a Republican who has called for an aggressive response to the virus, allowed some businesses to open with social distancing requirements starting May 15, but encouraged the adoption of more restrictive local guidelines as needed. In late July, Mr. Hogan said the state was “in a holding pattern” and “not ready to reopen further.” He later expanded a statewide mask order, requiring face coverings in nearly all public settings. In early September, Mr. Hogan announced that the state would be moving to the third and final phase of reopening, which allows all businesses to reopen, including movie theaters and live entertainment venues.",https://www.delmarvanow.com/story/news/local/maryland/2020/09/01/stage-3-maryland-reopening-larry-hogan-roadmap-recovery/5681415002/,"Manufacturing; Construction, offices",,,,True,"Hair salons, barbershops; Nail salons, massage parlors, tanning salons, tattoo parlors",Retail stores; Malls,Casinos; Movie theaters; Live entertainment venues,"Outdoor service at breweries, wineries, and distilleries; Restaurants; Bars","Golf courses, outdoor shooting ranges, marinas, campgrounds; Beaches; Outdoor pools and day camps; Gyms",6045680
ME,Maine,reopening,Reopened May 1.,,,"Gov. Janet Mills, a Democrat, allowed some businesses to begin reopening statewide in May and allowed additional, accelerated reopenings in counties with few coronavirus cases. More businesses were allowed to reopen statewide in June, but further reopenings, including of bars, have been delayed.",https://bangordailynews.com/2020/06/22/business/janet-mills-postpones-reopening-indoor-bar-service-citing-infections-in-other-states/,,,Bars for indoor service,,True,"Hair salons, barbershops, pet groomers; Nail salons and tattoo parlors; Spas and massage parlors",Retail stores,"Amusement parks, water parks; Bowling alleys and arcades; Movie theaters; Performing arts venues; Casinos",Restaurants; Bars open for outdoor service,"State parks, boating, golf courses; Remote campgrounds, hunting and fishing; Private campgrounds, RV parks; Gyms",1344212
MI,Michigan,reversing,Reopened June 1.,,,"Gov. Gretchen Whitmer, a Democrat, took a regional approach to reopening before lifting Michigan’s stay-at-home order on June 1. Ms. Whitmer has since paused further reopenings, and on July 1, she ordered bars in most of the state to close again for indoor service. She later mandated the use of masks in most public settings. In late July, citing a resurgence in cases connected to social gatherings, Ms. Whitmer limited indoor gatherings to 10 people and ordered bars to close for indoor service statewide. Ms. Whitmer allowed gyms to reopen in September, and later announced she would allow certain indoor facilities including movie theaters, bowling alleys and performance venues to reopen in early October.",https://www.freep.com/story/news/local/michigan/2020/09/25/michigan-movie-theaters-bowling-alleys-reopening/3531144001/,"Construction, real estate; Manufacturing, including auto companies; Offices",,Bars for indoor service,,True,"Pet groomers; Hair salons, barbershops, nail salons, tattoo parlors",Retail stores,"Arcades, theaters, and convention centers in some regions; Casinos",Restaurant dining; Bars for outdoor service,"Golf courses, marinas; Pools; Gyms; Bowling alleys for organized sports; Skating rinks for organized sports",9986857
MN,Minnesota,reopened,Reopened May 18.,,,"Gov. Tim Walz, a Democrat, first allowed employees in certain agriculture, industrial and office settings to return to work in late April. More businesses were allowed to open after his stay-at-home order expired in May. Mr. Walz later ordered the use of face masks in most public settings beginning July 25.",https://www.startribune.com/walz-mandates-masks-indoors-across-state/571861471/,Manufacturing; Offices,,,,True,"Salons, barbershops, tattoo parlors",Retail stores; Malls,"Theaters and concert halls; Bowling alleys, arcades and museums",Restaurants and bars,Campgrounds; Gyms,5639632
MO,Missouri,reopened,Reopened May 4.,,,"Gov. Mike Parson, a Republican, reopened all businesses in early May, with social distancing requirements, and lifted all restrictions on June 16. In September, Mr. Parson tested positive for the coronavirus.",https://abcnews.go.com/US/wireStory/wife-missouri-governor-tests-positive-covid-19-73198860,,,,,True,"Salons, barbershops, tattoo parlors, etc.",Retail stores,"Movie theaters, music venues, etc.; Casinos",Restaurant dining,Gyms; Campgrounds,6137428
MS,Mississippi,pausing,Reopened April 27.,,,"Gov. Tate Reeves, a Republican, let the state’s stay-at-home order expire April 27 and reopened retail stores, with some limits. All businesses were allowed to open in June, but in July Mr. Reeves said the state would pause a full reopening. As case numbers continued to climb, he tightened restrictions on social gatherings and bars statewide, and later issued a mask mandate. School reopenings were delayed for higher grades in certain counties. In September, Mr. Reeves allowed restaurants, retail stores and gyms to increase capacity to 75 percent.",https://www.wapt.com/article/covid-19-restrictions-loosened-for-mississippi-restaurants/34029960,,,,,True,Salons and barbershops; Tattoo parlors,Retail stores,"Casinos; Movie theaters; Libraries, museums","Restaurant dining, bars",State parks; Gyms,2976149
MT,Montana,reopened,Reopened April 26.,,,"Gov. Steve Bullock, a Democrat, allowed reopening in phases, beginning in late April. All businesses could reopen June 1, provided they followed certain guidelines. In July, citing rising case counts, Mr. Bullock ordered Montanans in certain counties to wear masks in many public settings. He later amended this order to include schools.",https://montanafreepress.org/2020/07/15/bullock-covid-masks-mandatory/,,,,,True,"Salons, barbershops, massage parlors",Retail stores,"Museums, movie theaters; Concert venues; Bowling alleys; Casinos","Restaurant dining, bars, breweries and distilleries",Gyms,1068778
NC,North Carolina,reopening,Reopened May 8.,,,"Gov. Roy Cooper, a Democrat, allowed a variety of businesses to reopen in May. In late June, with case counts trending upward, Mr. Cooper paused North Carolina’s reopening plan and required residents to wear face coverings in public. In early September, Mr. Cooper introduced ""Phase 2.5,"" which allows for the reopening of gyms, bowling alleys, museums and aquariums.",https://www.citizen-times.com/story/news/local/2020/09/01/coronavirus-nc-gyms-reopening-eased-gov-roy-cooper-not-bars/5680214002/,,Movie theaters,Bars,,True,"Salons, barbershops, tattoo parlors",Retail stores,Museums and aquariums; Bowling alleys and skating rinks,Restaurant dining,Pools; Playgrounds; Gyms,10488084
ND,North Dakota,reopened,Reopened May 1.,,,"Gov. Doug Burgum, a Republican, never issued a stay-at-home order, and allowed a variety of businesses to reopen starting May 1. In September, Mr. Burgum reclassified eight counties from the ""low risk"" category into the ""moderate risk"" category under the state's guidance, which recommends—but does not require—reducing capacity limits in businesses. Mr. Burgum also reclassified 13 counties into the ""new normal"" phase, the lowest risk level of the state's guidance.",https://kfgo.com/2020/09/03/covid-threat-level-to-rise-in-some-north-dakota-counties/,,,,,True,"Salons, tattoo parlors, massage therapy, etc.",Retail,Movie theaters; Music and entertainment venues,"Restaurant dining, bars",Gyms; Sports venues,762062
NE,Nebraska,reopened,Reopened May 4.,,,"Gov. Pete Ricketts, a Republican, never issued a stay-at-home order but he put in place several restrictions on businesses, which he began to lift on a regional basis starting in early May. Most of the state will be in Phase 4, which removes all restrictions on a number of businesses, beginning Sept. 14.",https://www.siouxlandproud.com/news/nebraska-news/watch-live-gov-pete-ricketts-holds-press-conference-wednesday-morning/,,,,,True,"Salons, barbershops, tattoo parlors, etc.",Retail,"Zoos, movie theaters, libraries and venues",Restaurant dining; Bars,Pools; Gyms,1934408
NH,New Hampshire,reopened,Reopened May 11.,,,"Gov. Chris Sununu, a Republican, gradually reopened sectors starting in mid-May. On June 15, he allowed his stay-at-home order to expire and reopened businesses on a rolling basis. The final round of businesses reopened, with capacity limits and social distancing guidance, on June 29.",https://www.unionleader.com/news/health/coronavirus/all-nh-businesses-now-have-date-to-reopen/article_558bfac2-5c67-5163-9fa3-7d7fcb426d9f.html,,,,,True,"Barbershops, hair salons, etc.; Nail salons; Tanning salons; Tattoo shops; Acupuncturists and massage therapists",Retail stores,"Libraries, museums, art galleries; Bowling alleys and entertainment centers; Movie theaters; Amusement parks; Live performances",Restaurant dining,Golf courses; Outdoor attractions; Beaches; Gyms; Pools,1359711
NJ,New Jersey,reopened,Reopened June 9.,,,"Gov. Phil Murphy, a Democrat, was one of the last governors to lift a stay-at-home order, on June 9. New Jersey cautiously reopened businesses over the course of May and June, and rolling reopenings were set to continue into July. After putting a pause on plans in July, Mr. Murphy announced the reopening of gyms, indoor entertainment, and indoor dining in early September. ",https://www.njspotlight.com/2020/09/reopening-phase-3-covid-19-phase-2-gov-murphy/,Construction,,,,True,"Hair salons, barbershops; Nail salons, tattoo parlors, spas, massage therapy, tanning salons",Retail stores; Malls,"Libraries for curbside pickup; Casinos; Playgrounds, water parks, amusement parks; Museums, libraries, aquariums; Bowling alleys, batting cages, shooting ranges; Indoor amusement facilities; Movie theaters and other indoor entertainment venues",Restaurant dining,Golf courses; Beaches; Campgrounds; Pools; Gyms,8882190
NM,New Mexico,reopening,Reopened May 16.,,,"Gov. Michelle Lujan Grisham, a Democrat, allowed some sectors to reopen May 16. As cases rose, Ms. Grisham announced she would delay the next phase of reopening indefinitely, and later ordered restaurants to restrict indoor dining. In late August, Ms. Grisham announced that she would allow indoor dining to resume at 25 percent capacity, along with permitting some museums to reopen and increasing the gathering limit to 10 people.",https://www.kob.com/new-mexico-news/new-public-health-order-eases-restrictions-on-gatherings-indoor-dining/5842046/,Offices,Casinos; Theaters,Bars,,True,"Pet grooming and boarding, veterinary services; Hair salons, barbershops, tattoo parlors, massage parlors, nail salons",Retail stores; Malls,Certain museums,"Restaurant dining; Indoor service at breweries, wineries and distilleries","State parks; Golf courses, boating; Gyms, pools",2096829
NV,Nevada,reopened,Reopened May 9.,,,"Gov. Steve Sisolak, a Democrat, kept pace with other states and reopened businesses throughout May. Casinos and gaming were allowed to resume operations on June 4. Over summer, Mr. Sisolak slowed the state's reopening, closing bars in some counties where the virus was resurging, but in mid-September allowed bars to reopen again statewide. ",https://www.kolotv.com/2020/09/03/sisolak-nevada-covid-19-numbers-improve-state-not-ready-to-reopen/,,,,,True,"Barbershops, hair salons and nail salons; Massage therapy; Tattoo and piercing shops",Retail stores; Malls,"Museums, art galleries, zoos and aquariums; Movie theaters, bowling alleys; Gaming",Restaurants; Bars,"Golf courses, pickleball, tennis courts; State parks; Gyms; Pools and water parks",3080156
NY,New York,reopening,Reopened May 29.,,,"Gov. Andrew M. Cuomo, a Democrat, announced limited and phased reopenings by region starting May 15. New York City, the hardest-hit region in the state, became the last to enter Phase 4 of reopening on July 20. But unlike in other regions, indoor dining will remain prohibited in New York City until the end of September.",https://www.nytimes.com/2020/09/09/nyregion/indoor-dining-coronavirus.html,"Construction, manufacturing; Offices; Film and TV production",Movie theaters; Amusement parks,,,True,"Hair salons, barbershops; Tattoo parlors, massage parlors, nail salons",Retail stores; Malls,Bowling alleys; Museums and aquariums; Casinos,Outdoor dining at restaurants in some regions; Indoor dining in some regions,"Beaches; Fishing and hunting; Public pools and playgrounds; Outdoor zoos, botanical gardens and nature parks; Gyms",19453561
OH,Ohio,reopening,Reopened May 12.,,,"Gov. Mike DeWine, a Republican, lifted a stay-at-home order on May 1 and allowed businesses to reopen in phases, starting with retail stores, salons and restaurants. In July, Mr. DeWine asked several counties to limit activities and gatherings of any size, though he did not order any closures. Starting July 23, the use of face masks became mandatory statewide in both indoor and outdoor public spaces. Mr. DeWine allowed school sports and professional sports to resume starting August 21, but limited the spectator attendance to 15 percent.",https://www.wkyc.com/article/news/local/ohio/dewine-clarifies-sports-order-with-number-of-spectators-allowed/95-9b2abc1c-a8ff-462d-bc50-61ca80ad793e,"Manufacturing, distribution, construction; Offices",,,,True,"Salons, barbershops, etc.",Retail stores,"Movie theaters, museums, art galleries; Casinos, racinos, amusement parks, water parks",Restaurant dining and bars,"Campgrounds; Gyms, pools, and sports leagues; Bowling alleys, miniature golf and batting cages; Aquariums, zoos; Skating rinks, playgrounds, country clubs",11689100
OK,Oklahoma,reopened,Reopened April 24.,,,"Gov. Kevin Stitt, a Republican, implemented a three-phase approach to reopening businesses starting April 24. Phase 3 began in June, when all restrictions were lifted on businesses and group gatherings provided people “consider social distancing.”",https://www.tulsaworld.com/news/oklahoma-to-begin-phase-3-of-reopening-monday-after-covid-19-data-shows-promising-downward/article_542617ce-c9e8-5825-bfdd-db6796999793.html#18,Offices,,,,True,"Salons, barbershops, spas, pet groomers, etc.; Tattoo parlors",Retail stores,"Movie theaters, sports venues, museums; Nightclubs",Restaurant dining; Bars,State parks; Zoos; Gyms,3956971
OR,Oregon,pausing,Reopened May 15.,,,"Gov. Kate Brown, a Democrat, started a three-phase regional reopening on May 15, but said Phase 3 would not come until September at the earliest. Masks are required in both indoor and outdoor spaces, and indoor gatherings of more than 10 people are prohibited. In late July, due to an increase in COVID-19 cases, Umatilla County moved back to stay at home status, while Morrow and Malheur counties moved to Phase 1. On September 18, Umatilla and Morrow returned to Phase 2. ",https://www.eastoregonian.com/coronavirus/oregon-governor-tightens-virus-restrictions-for-malheur-county/article_a5ba1480-1070-5aab-9732-27a7df8c5df7.html,Offices in most counties,,,,True,"Salons, barbershops",Retail stores,"Movie theaters, bowling alleys in most counties",Restaurants and bars,Some state parks; Pools in most counties; Gyms,4217737
PA,Pennsylvania,reopened,Reopened May 15.,,,"Gov. Tom Wolf, a Democrat, took a county-by-county approach to shutting down and took a similar approach to reopening, allowing counties to open in phases. By July 3, all of the state was in the last phase of reopening, but wearing a mask is now required in all public places. Starting September 21, indoor dinning will be increased to 50 percent capacity. On September 14, a judge struck down business closures as well as indoor and outdoor gathering limitations imposed by the governor. Mr. Wolf said he would appeal.",https://www.wgal.com/article/gov-tom-wolf-imposes-new-restrictions-on-pennsylvania-bars-restaurants-gatherings/33346910,,,,,True,"Hair salons, barbershops, spas",Retail stores; Shopping malls,"Casinos, theaters",Restaurants and bars,"Golf courses, marinas, private campgrounds; Beaches; State parks; Public pools; Gyms",12801989
PR,Puerto Rico,reversing,Reopened May 26.,,,"Gov. Wanda Vázquez announced a curfew and closed non-essential businesses in March. Restaurants and retail stores were allowed to reopen in late May, but by mid-July she ordered the re-closure of bars, movie theaters, casinos and gyms. Ms. Vázquez also announced a 24-hour lockdown on Sundays beginning August 22, along with reduced capacity in restaurants, malls and houses of worship. Beginning September 12, most businesses will be allowed to reopen, with capacity limits, and the Sunday lockdown will be lifted. A mandatory 10 p.m. to 5 a.m. curfew will remain in place through October 2.",https://apnews.com/0eb37978676268a56ed31a05fa88090b,,,Bars,,True,"Salons, barbershops; Pet grooming",Retail stores; Malls,Museums; Outdoor concerts and other open venues; Movie theaters,Outdoor dining; Casinos,Beaches; Gyms,3193694
RI,Rhode Island,pausing,Reopened May 9.,,,"Gov. Gina Raimondo, a Democrat, announced a three-phase reopening plan starting with retail stores after her stay-at-home order lifted on May 8. Rhode Island entered its second phase of reopening in June, with restaurants, gyms, salons and beaches allowed to open. The third phase began June 30 and was extended through the end of September, with indoor gatherings limited to 15 people.",https://www.wpri.com/health/coronavirus/july-29-ri-coronavirus-update/,Offices; Malls,,,,True,"Hair salons, barbershops; Nail salons, massage parlors, tattoo shops",Retail stores,,Restaurant dining,State parks; Beaches; Gyms; Casinos; Campgrounds,1059361
SC,South Carolina,reopened,Reopened April 20.,,,"Gov. Henry McMaster, a Republican, was among the last to issue a stay-at-home order and among the first to begin opening up his state, starting April 20 with retail stores. Mr. McMaster will allow movie theaters, concerts, race tracks or nightclubs to reopen starting August 3, but with a 50 percent capacity limit and a mask requirement. Restaurants will be required to follow the same safety guidelines.",https://www.wbtv.com/2020/07/29/sc-governor-announces-targeted-mask-requirements-reopens-more-businesses/,,,,,True,"Salons, barbershops, tattoo parlors, etc.",Retail stores,"Museums, zoos, aquariums; Movie theaters, stadiums, festival parades, racetracks; Nightclubs",Restaurant dining; Bars,"Beaches, piers, docks, etc.; Gyms; Pools; Amusement parks, water parks",5148714
SD,South Dakota,reopened,Updated guidance for businesses and residents on April 28.,,,"Gov. Kristi Noem, a Republican, refused to issue a stay-at-home order — despite requests from local officials — and did not close businesses in the state, though she ordered them to follow C.D.C. guidelines. She invited workers and business owners frustrated by lockdowns in other states to visit South Dakota.",https://www.usnews.com/news/best-states/south-dakota/articles/2020-04-28/south-dakota-governor-to-unveil-plan-to-reopen-state,,,,,True,"Salons, barbershops",Retail stores,,Restaurant dining,Gyms,884659
TN,Tennessee,reopening,Reopened April 27.,,,"Gov. Bill Lee, a Republican, announced reopening plans for 89 of 95 Tennessee counties starting April 27. The remaining counties were to follow individual reopening plans.",https://www.wsmv.com/news/tennessee-releases-new-guidelines-for-reopening-restaurants-retail-and-large-attractions/article_0f74cd22-9ad3-11ea-9f03-e3784e1e4029.html,,,,,True,"Salons, barbershops, etc.",Retail stores,"Theaters, museums, amusement parks",Restaurant dining,State parks; Gyms,6829174
TX,Texas,reversing,Reopened May 1.,,,"Gov. Greg Abbott allowed his stay-at-home order to lapse on April 30, a move that gave Texas one of the shortest such orders in the country. A surge in cases in late June caused Mr. Abbott to order bars to close and restaurants to reduce capacity, among the first reopening reversals in the country. Starting July 3, he once again encouraged Texans to stay home and required face coverings in public places in counties with more than 20 cases. Starting September 21, restaurants, retail stores, gyms, libraries and museums can increase capacity to 75%.",https://www.texastribune.org/2020/06/26/texas-bars-restaurants-coronavirus-greg-abbott/,"Offices, manufacturing",,Bars,,True,"Salons, barbershops, etc.; Massage services","Retail stores, malls","Movie theaters, museums, libraries; Bowling alleys, bingo halls, skating rinks, rodeos; Aquariums; Amusement parks; Carnivals",Restaurant dining,State parks; Pools; Gyms; Water parks; Zoos,28995881
UT,Utah,reopened,Reopened May 1.,,,"Gov. Gary R. Herbert, a Republican, started to reopen Utah by region on May 1. Now, just one county remains at “moderate risk,” and restaurants, gyms and salons are open everywhere.",https://www.sltrib.com/news/2020/04/28/utah-will-begin-easing/,,,,,True,"Salons, personal care businesses",Retail stores,"Movie theatres, museums, libraries, concerts",Restaurant dining,Gyms; Pools,3205958
VA,Virginia,reopened,Reopened May 15.,,,"Gov. Ralph Northam, a Democrat, started reopening much of the state on May 15, and all counties moved into Phase 3 on July 1. Starting July 31, Mr. Northam will implement restrictions on restaurants and bars in some counties and public gatherings will be limited. ",https://www.wsls.com/news/2020/06/30/bar-seating-will-be-prohibited-in-virginia-restaurants-during-phase-3-gov-northam-says/,,,,,True,"Salons, barbershops, etc.",Retail stores,"Museums, zoos, aquariums, outdoor concerts",Restaurants and bars,Campgrounds; Beaches; Gyms; Pools,8535519
VT,Vermont,reopened,Reopened May 15.,,,"Gov. Phil Scott, a Republican, allowed small changes, such as the opening of farmers’ markets, before a broader reopening beginning with retail stores on May 18. Other businesses, such as gyms and restaurants, reopened in June. Face masks are required in both indoor and outdoor public spaces.",https://vtdigger.org/2020/07/24/scott-orders-mask-mandate/,"Manufacturing, construction, distribution",,,,True,"Hair salons and barbershops; Nail salons, spas, tattoo parlors",Retail stores,"Museums, theaters, libraries",Restaurant dining; Bars,"State parks, golf courses, trails, etc.; Campgrounds; Gyms, fitness centers",623989
WA,Washington,reopening,Reopened May 26.,,,"While every county has now moved into some phase of reopening, Gov. Jay Inslee, a Democrat, said in late July that he would pause further reopenings and expanded an order to use face coverings in all public spaces. Restaurants, gyms and movie theaters must reduce capacity in some counties. On August 20, Mr. Inslee allowed museums and bowling alleys to operate in some counties, and as of September 11, gyms in all counties can reopen.",https://www.spokesman.com/stories/2020/aug/20/inslee-cautiously-pleased-with-states-covid-number/,Construction,,,,True,"Hair salons, barbershops, tattoo parlors, etc.; Pet grooming",Retail stores,Casinos; Museums in some counties; Bowling alleys  in some counties,Restaurant dining in most counties,"State parks, fishing, hunting, golf courses; Gyms",7614893
WI,Wisconsin,reopened,Reopened May 13.,,,"The state Supreme Court struck down Gov. Tony Evers's stay-at-home order on May 13, effectively lifting statewide restrictions on businesses in Wisconsin. Mr. Evers, a Democrat in a highly contested battleground state, had already announced plans for a gradual reopening but warned the ruling would cause “chaos.” Some counties have since placed their own restrictions on businesses. Mr. Evers mandated the use of face coverings in all public indoor places starting August 1. ",https://www.jsonline.com/story/news/2020/05/14/wisconsin-bars-hair-salons-dine-restaurants-open-after-supreme-court-ruling-stay-home-order-evers/5194195002/,,,,,True,"Pet groomers for curbside dropoff; Hair salons, spas, barbershops",Retail stores,,Restaurants and bars,Golf courses; State parks; Gyms,5822434
WV,West Virginia,reopened,Reopened May 4.,,,"West Virginia’s stay-at-home order was in place for a little more than a month. Gov. Jim Justice, a Republican, lifted restrictions on certain businesses on May 4, with new reopenings each following week. Starting July 7, face coverings are required where social distance can’t be maintained. The governor limited social gatherings to 25 people, ordered the closure of fairs, festivals and concerts statewide. Mr. Justice ordered the closure of bars in Monongalia County.",https://www.wvnstv.com/top-stories/coming-soon-wv-covid-19-update-july-13-2020/,,,,,True,"Salons, barbershops, pet groomers; Tanning salons; Massage parlors and spas",Retail stores; Malls,"Museums, zoos; Bowling alleys, pool halls, roller rinks; Casinos; Movie theaters; Amusement parks, fairs, festivals",Restaurant dining; Bars,"Gyms, recreation centers; State parks, campgrounds; Pools",1792147
WY,Wyoming,reopened,Reopened May 1.,,,"Gov. Mark Gordon, a Republican, did not order Wyoming residents to stay home, and he began lifting restrictions on businesses on May 1. As of August 16, outdoor venues were allowed to hold gatherings of up to 1,000 people, and in September, indoor close-contact sports resumed. The governor recently extended safety measures on restaurants, bars, gyms and schools through September 30. ",https://cowboystatedaily.com/2020/09/15/gordon-extends-health-orders-for-fifth-time/,,,,,True,"Hair salons, barbershops, tattoo parlors, massage therapy, etc.",Retail stores,"Movie theaters, entertaiment venues",Restaurant dining; Bars,Gyms; State parks,578759
